districtid,vaccinateddose1ratio,vaccinateddose2ratio
TG_Adilabad,0.04193797038492448,0.013211179324385798
TG_Mahabubnagar,0.04366118368785017,0.016572794463793488
MN_Senapati,0.05400210373412808,0.013828712631587735
WB_North 24 Parganas,0.06451170110514905,0.027698308284666767
TG_Medak,0.0656943883996508,0.02059712101191842
TN_Thiruvallur,0.07060318059796615,0.019993272719859748
TN_Kancheepuram,0.09067262393666033,0.017155496952168097
CT_Balrampur,0.0926700998061587,0.020241405710057177
AR_Kurung Kumey,0.09418306616273513,0.035644467613710415
TN_Salem,0.09848635403910792,0.02856128677999435
TG_Nalgonda,0.10676336824400533,0.025148123614677675
MN_Ukhrul,0.10689246622245895,0.043098294546679856
WB_South 24 Parganas,0.11500679799866723,0.05025838765953427
TN_Tiruvannamalai,0.11712034078807242,0.017699071961052793
TG_Karimnagar,0.11785892371544505,0.04742299873234666
TN_Vellore,0.11957556414844178,0.037336799166533506
PB_Ferozepur,0.12549813363140033,0.030131478694222093
TN_Thoothukkudi,0.13029775291170717,0.029856997239134805
ML_East Garo Hills,0.13975660313855504,0.03869563439514087
GJ_Ahmedabad,0.14294979710225283,0.039355440120040615
CT_Surguja,0.14603120659218286,0.047812902826661965
GJ_Surat,0.1475601851044888,0.036279118257510456
TN_Pudukkottai,0.15018367529791238,0.02246245392669672
TG_Nizamabad,0.15585448402503002,0.049412562442799554
WB_Purba Medinipur,0.15666612701449703,0.07200706453749356
TN_Viluppuram,0.1606930928079753,0.02855323106688219
TN_Ramanathapuram,0.16665102756299666,0.03353442511516907
NL_Kiphire,0.1674504080860494,0.05521323171720448
TG_Khammam,0.17628665496519946,0.04092772854502622
UP_Moradabad,0.17769340608540726,0.04213888247416286
NL_Tuensang,0.17834035280473662,0.05947221713564874
MN_Chandel,0.1785174293601143,0.06245578504945139
UP_Sultanpur,0.17929444892006224,0.03554512542015429
NL_Phek,0.18228102167447893,0.06939260057031661
AS_Karbi Anglong,0.18463097333195302,0.04783789407861234
TN_Dindigul,0.18530958085911728,0.04242062251854939
ML_West Khasi Hills,0.1860241328322828,0.07158224695601378
WB_Paschim Medinipur,0.19051123564439548,0.07979004497707518
NL_Peren,0.19099129375439775,0.07417637236265871
AR_Lohit,0.19937416795904642,0.05406722204685506
NL_Wokha,0.20155942840997215,0.0853116752733809
CT_Bastar,0.20319431304437663,0.05983729113875682
CT_Durg,0.20388908427116828,0.09586939930715051
UP_Budaun,0.20541373248999972,0.033997429585191974
TN_Virudhunagar,0.20880425559958152,0.04646942163057178
UP_Muzaffarnagar,0.21181451869814785,0.03706541696995206
WB_Uttar Dinajpur,0.2168094271821608,0.07366582267368199
UP_Rae Bareli,0.21840467306542038,0.02776078758289021
CT_Dakshin Bastar Dantewada,0.21955707801918153,0.07628017495005977
MH_Nanded,0.22578698905063885,0.07969792567857836
GJ_Vadodara,0.22702206102996283,0.07372073249014674
WB_Birbhum,0.22710286991449302,0.07962102601527409
GJ_Jamnagar,0.23351120933615233,0.08197187284589413
WB_Purulia,0.2354692563261169,0.09141620721371005
GJ_Rajkot,0.23587418039099417,0.066663985671923
MH_Solapur,0.23945470749157663,0.09293924899878549
PB_Sangrur,0.24110589311423788,0.06534680144444464
AS_Dhubri,0.24248303713515604,0.04363352619304371
MH_Jalgaon,0.24292840734227172,0.0899447908788754
UP_Rampur,0.24424366785268892,0.04206661560677433
UP_Ballia,0.24433803098611198,0.043784535587976195
UP_Sonbhadra,0.24435252789307613,0.048315248000197576
UP_Lakhimpur Kheri,0.25146304264626634,0.029023861527393394
GJ_Junagadh,0.2529650954656113,0.08466279899762384
UP_Kaushambi,0.2540560241460969,0.044993860949889844
ML_South Garo Hills,0.2543243357173971,0.08002304438855087
UP_Sitapur,0.25453212226962046,0.03665796013909035
MH_Hingoli,0.25487261592821137,0.0718854711235874
PB_Mansa,0.25595159993296535,0.05995575192497314
CT_Narayanpur,0.25705907595479904,0.09070233156916035
NL_Zunheboto,0.2573371128966943,0.06305903081196672
BR_Kishanganj,0.258490298154283,0.03878490298154283
UP_Firozabad,0.26320493996371724,0.04546433449312213
UP_Maharajganj,0.26342951156980865,0.0438111776237446
UP_Sant Kabir Nagar,0.26371238520904183,0.038836672238472515
JH_Sahibganj,0.2641541083657014,0.04681952463437592
BR_Katihar,0.2642974065044648,0.038192736050359666
NL_Mon,0.264628786062495,0.09207224486534005
BR_Araria,0.2648005437533278,0.04986575111619171
BR_Madhepura,0.2654151692359032,0.045368530324783864
BR_West Champaran,0.26735877279073517,0.03475464810794904
UP_Aligarh,0.2697011259730493,0.054602629529634676
JH_Dhanbad,0.2700311083644659,0.08896746380220877
UP_Kushinagar,0.27055466281241025,0.0478860690175237
UP_Etah,0.2710208060953068,0.03721653667553312
BR_Gopalganj,0.2714499385639099,0.04666722872492401
BR_Sitamarhi,0.2722479490731031,0.044212860595389494
AR_Tirap,0.2738914936369725,0.06325519089082385
BR_Kaimur,0.27394575942704796,0.039150655687709666
UP_Mainpuri,0.27451112613183953,0.0362584685600277
MH_Akola,0.27468347312374514,0.11371096407421333
TN_Cuddalore,0.27501291293573005,0.05729352541948814
BR_Supaul,0.2755433192946315,0.04977264121994943
AR_East Kameng,0.27635023509975853,0.10336764518998602
PB_Gurdaspur,0.2765351084247079,0.10479423475290461
UP_Kasganj,0.2770332960029066,0.0364963503649635
JH_Bokaro,0.27787938884659585,0.08126245557209565
UP_Farrukhabad,0.2782277143481554,0.04062265940449946
UP_Shahjahanpur,0.2785539381175292,0.044871543283337846
MH_Osmanabad,0.27932293903869265,0.10810605365907808
UP_Unnao,0.2795496799444853,0.0447057892456071
MH_Ahmednagar,0.2806969775876213,0.10940933390180708
BR_Nawada,0.2807507933231973,0.04549452807521452
PB_Bathinda,0.28107812246808667,0.08195459210313102
AS_Nagaon,0.28131914519889734,0.05666966974623978
BR_Khagaria,0.2813461748433906,0.04339348941679275
BR_Madhubani,0.2829760980741765,0.054169037204122944
MH_Amravati,0.2832769881372157,0.11088076802570242
BR_Muzaffarpur,0.2841023506882436,0.05286517857923934
BR_Lakhisarai,0.284748309541698,0.04339542337388302
UP_Ambedkar Nagar,0.2865621747137481,0.04073251127659007
GJ_Bhavnagar,0.28664665762846026,0.0869275248102237
AR_Upper Subansiri,0.2866935097306107,0.10972102387115329
UP_Mau,0.28688992768707433,0.051370645449072695
MH_Beed,0.2871837245638284,0.09515448256493397
JH_Giridih,0.2875773776372188,0.050884613780395944
BR_Jamui,0.28803542366671303,0.04261917002053505
BR_Aurangabad,0.2881393566247899,0.03820953177329943
BR_Vaishali,0.2885336025162653,0.04926722900949665
UP_Amroha,0.28857457881417503,0.047868707073769945
UP_Hardoi,0.28867841318202864,0.030820126342434175
JH_Latehar,0.28907339699413187,0.05833739122779506
MH_Yavatmal,0.2891750963443262,0.09852911683526022
BR_Saharsa,0.2892830441620047,0.05639511727762079
UP_Deoria,0.2895635718906424,0.05338854659191099
BR_Gaya,0.2907325151010448,0.05463110093368475
UP_Chandauli,0.2908248649600872,0.03719409900673715
MH_Latur,0.2919033361638598,0.10487507925202388
BR_Samastipur,0.29228128814618853,0.052271629724847626
UP_Etawah,0.2925199613101447,0.04955652069464727
MH_Nandurbar,0.2927364337087718,0.09667201562827042
CT_Koriya,0.2929094256180976,0.084183592167147
AR_West Siang,0.29321125104654683,0.12535404456953525
MH_Parbhani,0.29326295173537625,0.10480064659280665
JH_West Singhbhum,0.2938073855550482,0.06769182434312385
BR_Bhojpur,0.294049238255143,0.048722569616629775
OR_Mayurbhanj,0.2948798644938482,0.07165864069994579
MH_Buldhana,0.2955892258235644,0.11161995438970126
BR_Rohtas,0.29575346344054126,0.05202542773144391
UP_Kanpur Dehat,0.29628479042236205,0.041807520833054966
UP_Auraiya,0.29772569941538696,0.04473938871149546
JH_Deoghar,0.29790432505648184,0.068338479417562
TN_Thanjavur,0.29887775417828744,0.055890751447489284
UP_Ayodhya,0.2996237144859806,0.06147844836656959
UP_Kannauj,0.2998317051145226,0.030343785162041174
CT_Raipur,0.3009674025166147,0.11924268284040442
UP_Azamgarh,0.30136589051419044,0.04704358317983022
BR_Buxar,0.30155032490365413,0.05825644415689143
RJ_Jaipur,0.30155272013519707,0.11137159309635207
UP_Barabanki,0.30179387916517286,0.03768885137818609
UP_Jaunpur,0.30227488560821897,0.050096524323328444
PB_Tarn Taran,0.30264811405941444,0.07138270156043039
UP_Banda,0.3027403426678745,0.038461495712483536
CT_Janjgir Champa,0.30301282886349196,0.09592166978348553
HR_Jind,0.3031206339307665,0.08170283445964178
JH_Palamu,0.3038359806770457,0.07132079537329583
WB_Dakshin Dinajpur,0.3042828269330349,0.1342982897804419
TN_Madurai,0.3045195066110382,0.0828555366704276
BR_Begusarai,0.30539521252189417,0.05127618167869085
UP_Pilibhit,0.3058285865090568,0.0517698855789271
JH_Pakur,0.30590545322082313,0.05751747513943462
UP_Bareilly,0.30630553873911703,0.06743430554952962
MH_Dhule,0.30652379340979546,0.11070710754794813
UP_Fatehpur,0.30685641118943696,0.048056145457970864
ML_West Garo Hills,0.3073274769894185,0.08341636988547951
UP_Kanpur Nagar,0.3075731435052479,0.08204256987366816
AR_Lower Subansiri,0.30763579429122007,0.12183548115139106
HR_Bhiwani,0.3077013909920493,0.08527971268534579
UP_Bijnor,0.30841284672468366,0.052739922986124635
MH_Nashik,0.31039494942597956,0.1101169818445055
JH_Gumla,0.3113040899793506,0.07866755493736424
UP_Hathras,0.312213524823801,0.055729886982107846
MH_Gadchiroli,0.3129945514296206,0.08431956247402003
BR_Banka,0.31389257618700556,0.049684410420279906
JH_Saraikela-Kharsawan,0.31397410089234745,0.08050656491301866
AS_Karimganj,0.3144725340729853,0.06316829523572337
MH_Jalna,0.3147445236099612,0.10540334428083874
MH_Ratnagiri,0.315009451608569,0.1355409583119978
JH_Lohardaga,0.3165941228697027,0.07351176941899998
BR_Sheikhpura,0.3175807977471234,0.05778496468879942
UP_Ghazipur,0.31778116979184967,0.03946392918977269
UP_Bhadohi,0.318278964879899,0.05207471995224979
UP_Lalitpur,0.31905660809828484,0.03391394180708453
JH_Khunti,0.31913101516305215,0.10410521071284207
BR_Purnia,0.31945749258948747,0.08177156354233067
MH_Thane,0.320105119750658,0.12343180217841569
PB_Moga,0.32032566538052876,0.07629355277349846
BR_East Champaran,0.3209082061297364,0.05557607006824959
CT_Bijapur,0.3210711906907495,0.11872428789719076
BR_Nalanda,0.32120412016320243,0.07338410850787082
OR_Bargarh,0.3220708115753196,0.09189774886835825
JH_Chatra,0.3229557209512833,0.056238169847902836
ML_Ribhoi,0.32342373667130275,0.08393988564364085
UP_Saharanpur,0.32412094223891075,0.0752816625519057
BR_Darbhanga,0.3251917198851522,0.06324197405130562
UP_Chitrakoot,0.3255442509554012,0.03142589212789772
UP_Agra,0.32665994839772,0.07097655764679844
BR_Saran,0.32704988180255284,0.06778627391341094
BR_Sheohar,0.3270998985136671,0.07315396970038675
PB_Barnala,0.3278306441185706,0.08729411093031886
MN_Thoubal,0.3290514676621629,0.07914621667203578
CT_Kabeerdham,0.3296138967035693,0.0865808497238993
TN_Thiruvarur,0.3302622763840519,0.057009658484651705
UP_Mathura,0.3313482653785514,0.07535929873931368
TN_Sivaganga,0.3317195640956134,0.05822936432726135
JH_Godda,0.3323609056671572,0.0634303502490577
JH_Ranchi,0.3327796179672801,0.11262405837791022
OR_Balasore,0.33281850819360587,0.12840908258418662
GJ_Sabarkantha,0.3373440298049608,0.11264647908723954
UP_Bahraich,0.33867663532537345,0.04905882936499403
TN_Dharmapuri,0.33871810135495206,0.063544775401286
TG_Ranga Reddy,0.3392133011600907,0.1226193616036729
NL_Mokokchung,0.33962244761640514,0.13095127991696726
BR_Siwan,0.340077538745352,0.06905434197757429
UP_Ghaziabad,0.3404264953878391,0.0918463488795071
UP_Siddharthnagar,0.34045130361970494,0.04845314943908425
UP_Basti,0.3411967064643671,0.05349479643443767
OR_Kalahandi,0.34219456403797655,0.092289847793317
UP_Shrawasti,0.34279342128461615,0.0415962253917937
AS_Sonitpur,0.34307290123745526,0.08940549137003602
UP_Gorakhpur,0.3454179844378217,0.07673813499305883
JH_Dumka,0.3457404865291099,0.08059907283104366
JH_Hazaribagh,0.34831463913127453,0.07985494336968398
GJ_Panchmahal,0.3496316677095638,0.12130831161095812
UP_Gonda,0.35016201605221325,0.05296193649296911
MH_Chandrapur,0.35096064205212796,0.10628056799710749
BR_Munger,0.352963411112289,0.0632462447862023
TN_Tiruchirappalli,0.35368054101510127,0.08995771942004709
KA_Kalaburagi,0.35528494821000917,0.09656255674454453
CT_Uttar Bastar Kanker,0.3556208032408427,0.11154683746783792
PB_Sri Muktsar Sahib,0.3563382030744121,0.07963445896200892
PB_Faridkot,0.3565297939459894,0.11575072711608594
BR_Bhagalpur,0.35707128198814525,0.0732900427485198
MZ_Lawngtlai,0.3577450930496887,0.10076000475002969
ML_East Khasi Hills,0.35953395114792924,0.1226726010446507
UP_Jhansi,0.35998795158418156,0.0765064397481641
UP_Mirzapur,0.36005078154723524,0.057693925037145016
AS_Sivasagar,0.36077755093175795,0.07173884713956823
JH_Jamtara,0.36090877601947813,0.08474012757856093
AS_Udalguri,0.3616647508380748,0.06513897372509223
MH_Washim,0.3620368204751245,0.14848975909652845
OR_Kandhamal,0.3642823041562658,0.08823368935084776
HR_Hisar,0.364473709108904,0.09967309486441837
MP_Shajapur,0.36455405997695484,0.06852072578422021
OR_Kendujhar,0.3647632584850253,0.07940299700344057
AS_Cachar,0.3648340422787523,0.07344279135814057
KA_Raichur,0.3650174304183093,0.09775602806286979
JH_Simdega,0.3656805286384757,0.07065469380130691
MN_Churachandpur,0.36622492640702115,0.1148196379261918
PB_Patiala,0.3667743497604561,0.11689699665450924
JH_Ramgarh,0.36857926173556493,0.09217614959507837
NL_Kohima,0.37031882024568263,0.12055017388838306
UP_Varanasi,0.3712763211680897,0.10261444538939812
AP_Kurnool,0.3766159947679305,0.1591594643888448
OR_Cuttack,0.37760576421144076,0.13387464897674578
TN_Krishnagiri,0.3782820488677307,0.08064542727479228
HR_Kaithal,0.3788880987132134,0.1026776405933516
OR_Sundargarh,0.3850423967857643,0.11005442246411046
OR_Boudh,0.3851351657667705,0.07308199708950454
KA_Davanagere,0.38544084108071097,0.11084005783612105
MP_Alirajpur,0.3866713123063269,0.058572096806717155
OR_Balangir,0.38752102035358466,0.0615901666285627
GJ_Dang,0.39107542566286013,0.09147097345055215
AS_Baksa,0.39129121385153803,0.05535562981869852
TN_Kanyakumari,0.39230816938216634,0.0867751583373165
UP_Meerut,0.393254443127704,0.11812855342047437
AS_Goalpara,0.3936338938466528,0.06627566622329478
PB_Fatehgarh Sahib,0.39371304129044943,0.0944076859119939
HR_Panipat,0.39409608299728643,0.12021698355036389
AS_Kokrajhar,0.39511825615290447,0.07156915127454229
NL_Longleng,0.39644243720782824,0.15642579827272007
OR_Dhenkanal,0.39869602141496013,0.09200032528204384
TR_North Tripura,0.3992221307967323,0.13029669412793773
BR_Arwal,0.3997443079263116,0.05212008966344816
MP_Satna,0.4004230720052402,0.08697561840071603
AS_Tinsukia,0.4004626753388171,0.07898238535343381
KA_Yadgir,0.4018254729955862,0.13093229757015204
OR_Gajapati,0.4031709001292797,0.08682160614865952
AS_Barpeta,0.4036018662960212,0.09946316238216084
UP_Baghpat,0.40618534390137584,0.09055383991994155
UP_Mahoba,0.4068893714082182,0.07127624840460388
PB_Rupnagar,0.4091965405980191,0.10654560804642528
TN_Erode,0.41004261585686475,0.07802219079966462
RJ_Bharatpur,0.41107185431840854,0.11276330586840219
MP_Jhabua,0.41108904168390165,0.06469745807025622
AP_Anantapur,0.41136881093261013,0.1941081283991661
HR_Yamunanagar,0.412266462417796,0.15584271189790852
AS_Dima Hasao,0.41332168779366846,0.1197840281734874
JH_East Singhbhum,0.4140446981780961,0.14674668111646488
HR_Sirsa,0.4164257108422014,0.12145717729227162
MH_Sindhudurg,0.41699356559340245,0.19677020329523534
MP_Sidhi,0.4176159881742593,0.05670463952697037
AP_Guntur,0.41977853899075107,0.1572447636601482
HR_Rohtak,0.42105853351476247,0.1395179437695297
AP_Prakasam,0.4246137100553121,0.2037767759800886
PB_Ludhiana,0.42519719247420285,0.14308012115222085
HR_Fatehabad,0.4257030968852805,0.1148447311124817
MP_Bhind,0.42585958350092923,0.07804557238528366
AS_Darrang,0.4261217016693592,0.08109208400646203
AS_Chirang,0.4262011523098046,0.08198904102770438
MH_Wardha,0.4270096112007159,0.14024111798052544
KA_Gadag,0.42753412175808075,0.15759320664681514
AP_Y.S.R. Kadapa,0.4293555281947525,0.19543176353327651
JH_Koderma,0.43133000772067087,0.08782856480686456
JK_Anantnag,0.4314966644788318,0.10566686320098787
OR_Bhadrak,0.4323846523055598,0.09749544756585014
HR_Kurukshetra,0.4336690319336965,0.14485696959016436
OR_Puri,0.43470592736927,0.12913823856645848
MP_Singrauli,0.43518013227834296,0.06701163482486656
UP_Lucknow,0.43584348728647937,0.15978908188044982
MH_Kolhapur,0.43594183799230185,0.20382528281081455
MP_Dhar,0.43612913025158373,0.08175019317931753
RJ_Jalore,0.43662377715682466,0.10877494217298343
AP_East Godavari,0.4369139839853978,0.14476817008569162
RJ_Dungarpur,0.4369335826097978,0.11601726114686378
KA_Koppal,0.43714242546333604,0.1397152354092322
MH_Satara,0.43863568796377583,0.18181094841399442
KA_Bidar,0.4400058709563788,0.13572946633006516
HR_Karnal,0.441267793511563,0.15832073360950866
KA_Chitradurga,0.4447246567549848,0.19003396293725172
RJ_Karauli,0.4454715521639666,0.12004611012667256
MP_Morena,0.44686236310828753,0.08647792184010947
OR_Koraput,0.44702086838154975,0.11957478978318367
RJ_Barmer,0.44712839284555245,0.13683873765194907
AS_Morigaon,0.4477540230389285,0.07341478113644648
RJ_Udaipur,0.4482222120830916,0.14439059841873017
MP_Shivpuri,0.44944874134584745,0.07257147823064222
TN_Tiruppur,0.44995829050782316,0.08095675282325664
AP_Srikakulam,0.45168757218526484,0.15694306640415462
MP_Khargone,0.45170700559409643,0.07952233954745372
RJ_Sirohi,0.4525756841826957,0.15840752026832738
KA_Haveri,0.45273486105999494,0.09105771662197654
HR_Mahendragarh,0.45281903679475277,0.14875152913821674
JK_Srinagar,0.45295752282651847,0.1250011117139071
MZ_Aizawl,0.45333979500835603,0.16947408127221722
MH_Sangli,0.45808947314150983,0.1754446886638983
MP_Rewa,0.4587240487318539,0.09911310528999547
OR_Ganjam,0.4591682532683901,0.22264156931463622
AP_Vizianagaram,0.4612454648675993,0.15335593399628233
AS_Nalbari,0.4613919203150696,0.08601431498407934
PB_Jalandhar,0.4616560068198706,0.16790740293309142
RJ_Sawai Madhopur,0.4618176318238689,0.1295794769349879
HR_Rewari,0.46207732258766765,0.17745676039505426
MP_Mandla,0.46216199562993826,0.06730463880633801
OR_Subarnapur,0.46242356801156376,0.09519111479670853
AP_Krishna,0.46250252911078454,0.16625809813525397
AP_Chittoor,0.46375810241529597,0.20087665162776613
KA_Ballari,0.46468862572092007,0.15685141656082638
KA_Tumakuru,0.46578473896781614,0.1405284847217971
RJ_Banswara,0.46795939882669396,0.13579195375761133
RJ_Dholpur,0.4686850402315427,0.13250466632850288
AP_S.P.S. Nellore,0.46941125141173257,0.22633443527490782
KA_Shivamogga,0.46997665957496576,0.1549568022419588
RJ_Dausa,0.47124985239312805,0.10642073067390109
JK_Kupwara,0.4714116325081519,0.08347063378809082
JK_Bandipora,0.4715066593240735,0.11900099940851333
JK_Kishtwar,0.47260463987238616,0.14851579567916218
JK_Budgam,0.47280578975648263,0.15409455452440812
GJ_Kheda,0.4733606245529668,0.14907745387269364
RJ_Alwar,0.4780776875595881,0.17013134090636303
MH_Gondia,0.4799467980131674,0.1359629854511167
HR_Sonipat,0.48024242741901557,0.16150816447712796
OR_Deogarh,0.4813675924740817,0.08532253935748112
CT_Mahasamund,0.48160065223664106,0.1469197892237648
RJ_Baran,0.4824237071203962,0.12656255750334286
MP_Umaria,0.48275166806770914,0.07175250248930606
RJ_Jaisalmer,0.48385252545456986,0.14452941325742366
MH_Nagpur,0.4848767720266376,0.17643486613503181
CT_Rajnandgaon,0.4849040388827772,0.13555886185515503
RJ_Rajsamand,0.4858503004936032,0.13074562704208986
MP_Panna,0.48592059182308267,0.05110966828001417
GJ_Amreli,0.48648386265924354,0.16636155304156017
KL_Malappuram,0.48665133287299533,0.16084095970745846
MP_Chhatarpur,0.4867028867295553,0.07421632739910632
BR_Patna,0.4872018587077254,0.18798793861057658
GJ_Tapi,0.4893522109682264,0.16410705036541753
MZ_Mamit,0.48999583159649857,0.16271826223889585
KA_Belagavi,0.49119048401131377,0.11417671671693871
HR_Jhajjar,0.49223136356759406,0.14186799943656386
RJ_Bhilwara,0.4928535039939415,0.15081525067437596
GJ_Gandhinagar,0.49350710937932235,0.14701028127835902
RJ_Pali,0.49467675513957043,0.15426441163089616
KA_Dharwad,0.4947139261395229,0.13747419496129717
MP_Tikamgarh,0.49592019186723185,0.08601157237300075
RJ_Jodhpur,0.4967757070811857,0.1786307366228525
RJ_Bundi,0.4968485182364665,0.17279589812279347
RJ_Bikaner,0.4972721354249288,0.185103494720883
GJ_Surendranagar,0.4974553997453692,0.10993880205071208
PY_Yanam,0.4981483478948693,0.11361593499442707
JK_Rajouri,0.4986869858269187,0.11188561910914284
PY_Karaikal,0.4989012196461927,0.11498236956977755
AR_Upper Siang,0.4990656851642129,0.19164779161947904
AR_Upper Dibang Valley,0.49975012493753124,0.17191404297851073
KA_Kolar,0.5001832203962377,0.17824383087488227
JK_Pulwama,0.5002587252872743,0.14912568696024553
AS_Bongaigaon,0.5005102841890406,0.09582108380571844
AP_West Godavari,0.5036843091863125,0.15961326564669343
KA_Chikkaballapura,0.5058823810616491,0.1783334289429402
KA_Chikkamagaluru,0.5066342343894035,0.18260203996446275
RJ_Nagaur,0.5070529965598899,0.18993313567589742
PY_Puducherry,0.5072078073091449,0.1505184212381707
AS_Hailakandi,0.5076657525603068,0.08878864728437606
MP_Ashoknagar,0.508948952218216,0.08821743971808287
MP_Chhindwara,0.5109281933998494,0.0939112028090957
AS_Dhemaji,0.5111370536033102,0.11526482474972054
MP_Anuppur,0.5113588891098544,0.07771639681435914
JK_Ganderbal,0.5146648467284818,0.16009964833953053
MP_Damoh,0.5159533277066711,0.09621434260994337
RJ_Tonk,0.5164515389150695,0.15330965591285883
MP_Balaghat,0.5169324991861071,0.09505681971771725
AS_Kamrup,0.5187757571124885,0.12931701396073386
JK_Baramulla,0.5203548672223991,0.14195780123586488
JK_Jammu,0.5214639879003214,0.24738914401571807
MP_Guna,0.5220202026710827,0.08432412230501507
AR_East Siang,0.5221339730280001,0.17815026105186768
MP_Raisen,0.5235074876257606,0.08581274965323593
MP_Betul,0.5237367665336602,0.1077136556550177
KA_Hassan,0.5254705950897901,0.16357102286000896
MN_Bishnupur,0.5256719699745998,0.1120013142431097
RJ_Churu,0.5262129286552357,0.1490080885608422
PB_Hoshiarpur,0.5268951390530213,0.19244623020562515
MP_Vidisha,0.5274125610487533,0.09659155170936509
MP_Seoni,0.5274444559653869,0.09293968448247483
OR_Jharsuguda,0.5274829380246935,0.13940518200878335
MH_Bhandara,0.5274981796733242,0.1508955007522906
AR_Anjaw,0.5279444418198138,0.14017102092880426
MN_Imphal East,0.5300638219037827,0.16385413263818396
OR_Nuapada,0.5303973577202473,0.07912913552496634
JK_Shopiyan,0.5305411039948913,0.18027534135942752
AS_Lakhimpur,0.5313092232595139,0.09558724044919238
MP_Sagar,0.5340136340435694,0.1373461292988987
MP_Khandwa,0.5358200877669055,0.09700311664876674
KL_Palakkad,0.5366517505393366,0.17777428224292813
RJ_Chittorgarh,0.5371486034792902,0.15855855389169987
GJ_Kutch,0.5371729009817092,0.15820712483589192
KA_Chamarajanagara,0.5390848861324209,0.14613177428092528
AP_Visakhapatnam,0.5393567176907413,0.1901128260012786
AS_Dibrugarh,0.5404901476625438,0.13597771302122014
GJ_Mehsana,0.5406188699716569,0.2070996292991277
AS_Golaghat,0.5430476301167507,0.10159829335412902
UT_Pauri Garhwal,0.5439135362906335,0.21149153681735444
KA_Bengaluru Rural,0.5445518975742818,0.16834910482449192
MP_Burhanpur,0.5445822177827451,0.14113666742759423
RJ_Hanumangarh,0.5478167479202025,0.17641765444370067
KA_Mandya,0.5480219230698943,0.15744151106813772
MZ_Lunglei,0.548535570037416,0.2076405580196744
MZ_Kolasib,0.5485676850693824,0.1955809659936871
AR_Changlang,0.5488848110318028,0.14690405192071565
UT_Tehri Garhwal,0.5543380441438545,0.18951062396292964
MP_Mandsaur,0.5574006778517933,0.09168605748535337
AS_Jorhat,0.557806045469194,0.10795179884569185
GJ_Banaskantha,0.5597303770606433,0.22219954071551215
MP_Dewas,0.5600700894984061,0.106114605282932
JK_Kathua,0.5607679641811383,0.17318776513338796
OR_Sambalpur,0.5613001261167285,0.1529162932631767
RJ_Pratapgarh,0.5616663286658493,0.1370136245056738
UT_Pithoragarh,0.5617813209112215,0.19353630964816657
MP_Gwalior,0.5623128724097408,0.17309486642953176
MP_Datia,0.5634861722978212,0.10091083108570151
AR_Papum Pare,0.5646673047408154,0.23409014968313388
MP_Hoshangabad,0.5657131348934628,0.12012083618640995
MZ_Champhai,0.5671080361048153,0.205654300369796
KA_Mysuru,0.5675657844536403,0.20999677787711082
KA_Ramanagara,0.5677152801126141,0.22745687377844445
AR_Tawang,0.5691818236388739,0.24109090181483483
KA_Uttara Kannada,0.5693248323613994,0.1738201979029606
AR_Lower Dibang Valley,0.5695636094674557,0.16773298816568047
MP_Rajgarh,0.5696002235715293,0.10064923723035242
MN_Imphal West,0.570889125700783,0.180558773108465
JK_Kulgam,0.5719428104305708,0.17515660226675744
RJ_Jhunjhunu,0.5750917739214664,0.20395125044161447
JK_Doda,0.5759264860856329,0.1268222356660552
GJ_Narmada,0.57702139770319,0.25969300199729967
TN_Coimbatore,0.5777310590232342,0.1461062536780175
RJ_Ajmer,0.583053302837109,0.20954243275009563
KA_Kodagu,0.5846959256580929,0.21819991740589592
JK_Udhampur,0.5847401281115706,0.18120129372865934
RJ_Kota,0.5847415754064297,0.2173905466593269
MP_Shahdol,0.5865553911917025,0.12570457843485797
JK_Punch,0.5867564251785209,0.11991779126951671
MP_Narsinghpur,0.5870858191662988,0.10534100713099004
MP_Ratlam,0.5874910399438102,0.1175525009466905
RJ_Jhalawar,0.5883926983287849,0.1411004947102639
MP_Jabalpur,0.588738471206586,0.1929769507353786
MZ_Saiha,0.5923038851769364,0.1617173966839891
GJ_Valsad,0.5943255409285926,0.17955206082273442
KA_Dakshina Kannada,0.5953215109331759,0.19144507044005954
LA_Kargil,0.5959787503018423,0.2979645175494666
RJ_Sikar,0.5963307515352031,0.20625301372671984
TN_Nilgiris,0.599840357685812,0.1792889253923747
KL_Kozhikode,0.6021673898103648,0.22130562457939024
AN_Nicobars,0.6034960099886,0.22599207426306933
JK_Reasi,0.6141254087654568,0.1377583286458383
KL_Kasaragod,0.6155181183669567,0.2624541543168563
CT_Raigarh,0.621380148649517,0.2090350365198021
JK_Ramban,0.6244585197012474,0.19965599038464926
MP_Sehore,0.6252291563082423,0.14024518581106843
GJ_Bharuch,0.6266067662614062,0.18333237697281593
MZ_Serchhip,0.6289326578067974,0.25302985971018066
KL_Kannur,0.6326690852131369,0.2318495063224261
MH_Pune,0.6343431104052344,0.2355947478357072
KL_Kollam,0.6349449319356828,0.22845932742019637
AR_West Kameng,0.6350911884879745,0.19687421825675724
KL_Alappuzha,0.6411641379854863,0.24403453537921288
UT_Haridwar,0.642309494917008,0.14500995015927662
KL_Thrissur,0.6432237600922722,0.23157887991798026
UT_Udham Singh Nagar,0.6446101708894768,0.136159698999698
UT_Chamoli,0.6471929622961913,0.2795444389116584
HR_Ambala,0.6491186245402579,0.2850356715558116
MP_Ujjain,0.6510999243028209,0.18862186843186046
HR_Faridabad,0.6525045407250682,0.21624847422244053
UT_Champawat,0.6598202181414838,0.2414653684988908
KA_Udupi,0.6642295778440087,0.24818301268684795
UT_Nainital,0.666269294629716,0.22589238480837623
HP_Chamba,0.6666409801957309,0.19720274331509594
UT_Uttarkashi,0.6686924013741873,0.25170410135540433
KL_Kottayam,0.6719725142576718,0.25800295864730766
TR_Dhalai,0.6726489173254369,0.17381751844116014
UT_Rudraprayag,0.6793817198753535,0.22628722372412655
GA_North Goa,0.6795789283234394,0.24657093818153367
HR_Panchkula,0.6808957175664047,0.29079821056025995
AN_South Andaman,0.6845369569416566,0.28076525770338706
UT_Bageshwar,0.6869541127673164,0.2652078892488592
JK_Samba,0.6940212858029841,0.2262980639577545
KL_Thiruvananthapuram,0.6961656277724754,0.2745503686739098
TG_Hyderabad,0.7102420978448887,0.2635845453187578
PB_S.A.S. Nagar,0.7196147705473805,0.25658939824738497
MP_Bhopal,0.7304906959373884,0.27112503642883923
DN_Diu,0.7335330491224027,0.3781157583438952
HP_Sirmaur,0.7572165969935171,0.17312849741910522
HP_Mandi,0.7573878975011428,0.2651581302630487
TN_Chennai,0.7611809762215682,0.31945009955383696
HP_Kangra,0.764059401023128,0.26110689866397363
HP_Kullu,0.7659504502138601,0.22637661765276784
CH_Chandigarh,0.7686901321711118,0.2958737979061064
PY_Mahe,0.7708054333269562,0.36871054141955234
KL_Wayanad,0.7729955224976145,0.3148051185437107
UT_Dehradun,0.7739674920757662,0.27692972333255145
KL_Ernakulam,0.7823584536623945,0.26815324696531917
HP_Shimla,0.7849928133561013,0.26385548089089816
HP_Una,0.8106079938907043,0.2763938270017825
HP_Hamirpur,0.814041445308377,0.32843339900784574
LD_Lakshadweep,0.8171482636142261,0.3770570626463791
KL_Pathanamthitta,0.833963581457343,0.36353569197569424
MP_Indore,0.8573182079392755,0.30427592175901524
AS_Kamrup Metropolitan,0.8907912512420869,0.35504945220577094
HP_Kinnaur,0.8951153695272286,0.31180085828746684
WB_Kolkata,0.9266896969195592,0.36443796264544576
UP_Gautam Buddha Nagar,0.9490502786516718,0.3054914250522567
GA_South Goa,0.9564677762564848,0.3510929111042766
DN_Daman,1.1297463553953748,0.31163396504736546
HR_Gurugram,1.1359024373494484,0.4653104266153911
HP_Solan,1.1395023435346017,0.2676626688723463
CT_Bilaspur,1.7344982144540209,0.6465770926494151
MH_Mumbai,2.3320189757539596,0.873495945920981
DL_New Delhi,5.187924283822991,2.584011717979775
